{"cameraMode":{"drawMode":0,"name":"Shaded","section":"Shading Mode"},"sceneLighting":true,"audioPlay":false,"sceneViewState":{"m_AlwaysRefresh":false,"showFog":true,"showSkybox":true,"showFlares":true,"showImageEffects":true,"showParticleSystems":true,"showVisualEffectGraphs":true,"m_FxEnabled":true},"in2DMode":false,"pivot":{"x":5.641654968261719,"y":-55.032020568847659,"z":96.38923645019531},"rotation":{"x":-0.26046258211135867,"y":-0.027390405535697938,"z":0.007379567250609398,"w":-0.9651094079017639},"size":56.51708221435547,"orthographic":false}