{"cameraMode":{"drawMode":0,"name":"Shaded","section":"Shading Mode"},"sceneLighting":true,"audioPlay":false,"sceneViewState":{"m_AlwaysRefresh":false,"showFog":true,"showSkybox":true,"showFlares":true,"showImageEffects":true,"showParticleSystems":true,"showVisualEffectGraphs":true,"m_FxEnabled":true},"in2DMode":false,"pivot":{"x":-164.63424682617188,"y":-182.85997009277345,"z":101.69603729248047},"rotation":{"x":-0.3220081925392151,"y":0.4265064597129822,"z":-0.16583053767681123,"w":-0.8288841247558594},"size":164.17837524414063,"orthographic":false}