{"cameraMode":{"drawMode":0,"name":"Shaded","section":"Shading Mode"},"sceneLighting":true,"audioPlay":false,"sceneViewState":{"m_AlwaysRefresh":false,"showFog":true,"showSkybox":true,"showFlares":true,"showImageEffects":true,"showParticleSystems":true,"showVisualEffectGraphs":true,"m_FxEnabled":true},"in2DMode":false,"pivot":{"x":47.529754638671878,"y":-44.70490646362305,"z":-87.80697631835938},"rotation":{"x":-0.051391590386629108,"y":-0.9484238028526306,"z":0.20968987047672273,"w":-0.23233476281166078},"size":56.51708221435547,"orthographic":false}